ingles;correccion
Language;Idioma
Level;Nivel
Max HP;PV máx.
Max MP;PM máx.
ATK;ATQ
DEF;DEF
Magic ATK;ATQ mágico
Magic DEF;DEF mágica
SPD;VEL
LUCK;SUERTE
CRI;CRÍ
Hit Rate;Precisión
Dodge;Evasión
Battle;Luchar
Retreat;Huir
Attack;Atacar
Defend;Defender
Item;Objetos
Skills;Habilidades
Equipment;Equipo
Status;Estado
Formation;Formación
Options;Opciones
Save;Guardar
Load;Cargar
Exit;Salir
Weapons;Armas
Armor;Armaduras
Key Items;Objetos clave
Equip;Equipar
Best Gear;Equipo óptimo
Unequip All;Quitar todo
Buy;Comprar
Sell;Vender
New Game;Nueva partida
Continue;Continuar
Return to Title;Volver al título
Cancel;Cancelar
Toggle Sprint;Correr siempre
Remember Commands;Recordar comandos
BGM Volume;Volumen de música
BGS Volume;Volumen de ambiente
ME Volume;Volumen de melodías
SE Volume;Volumen de efectos
Owned;En posesión
Current %1;%1 actual
Until Next %1;Para el siguiente %1
Save Files;Partidas guardadas
%1 's Party;Grupo de %1
Save Count;Veces guardado
Current Location;Ubicación actual
Play Time;Tiempo de juego
Money;Dinero
Days;Días
Quests;Misiones
Main Quest;Misión principal
Sub Quests;Misiones secundarias
Hills;Hills
Ult Skill;Habilidad definitiva
All Enemies;Todos los enemigos
All Allies;Todos los aliados
Random Enemy;Enemigo aleatorio
%1 appears!;¡Aparece %1!
%1 is ambushed!;¡%1 cae en una emboscada!
%1 runs away!;¡%1 huye!
%1 is victorious!;¡%1 se alza con la victoria!
%1 is defeated!;¡%1 ha sido derrotado!
Obtained %1 %2!;¡Has obtenido %1 %2!
Obtained %1!;¡Has obtenido %1!
Learned %1!;¡Has aprendido %1!
%1 uses %2!;¡%1 usa %2!
Critical Hit!!;¡¡Golpe crítico!!
Crit taken!;¡Has recibido un crítico!
%1 takes %2 DMG!;¡%1 recibe %2 de daño!
%1's %2 recovers %3!;¡%1 recupera %3 de %2!
%1's %2 lost %3!;¡%1 pierde %3 de %2!
%1 takes no DMG!;¡%1 no recibe daño!
%1 dodges the attack!;¡%1 esquiva el ataque!
%1 resists the spell!;¡%1 resiste el hechizo!
%1 reflects the spell!;¡%1 refleja el hechizo!
%1 counters!;¡%1 contraataca!
%1's %2 increases!;¡Aumenta el %2 de %1!
%1's %2 decreases!;¡Disminuye el %2 de %1!
Action failed!;¡La acción ha fallado!
PHY;FÍS
Fire;Fuego
Ice;Hielo
Thunder;Rayo
Water;Agua
Earth;Tierra
Wind;Viento
Light;Luz
Dark;Oscuridad
Dagger;Daga
Longsword;Espada larga
Club;Maza
Axe;Hacha
Whip;Látigo
Staff;Bastón
Bow;Arco
Crossbow;Ballesta
Gun;Arma de fuego
Claw;Garra
Gauntlet;Guantelete
Lance;Lanza
Normal Armor;Armadura normal
Magic Armor;Armadura mágica
Light Armor;Armadura ligera
Heavy Armor;Armadura pesada
Small Shield;Escudo pequeño
Large Shield;Escudo grande
Finger;Dedo
Hands;Manos
Clothing;Ropa
Accessory;Accesorio
Knocked Out;Fuera de combate
is defeated!;cae derrotado!
Unable to act.;No puede actuar.
Undying;Inmortal
Poison;Veneno
is poisoned!;sufre envenenamiento!
Blind;Ceguera
is blinded! Accuracy decreases!;se queda ciego! ¡Baja la precisión!
Silence;Silencio
Rage;Furia
ATK increases by 100%.;El ATQ aumenta un 100 %.
Frenzy;Frenesí
enters a frenzied state!;entra en frenesí!
Confusion;Confusión
Charm;Encanto
Sleep;Sueño
Block;Bloqueo
Cover;Cubrir
Stun;Aturdimiento
Paralysis;Parálisis
is paralyzed!;sufre parálisis!
Steal;Robar
Empty;Vacío
ATK Down;ATQ abajo
gained ATK Down!;sufre ATQ abajo!
ATK decreases by 25%.;El ATQ disminuye un 25 %.
Burn;Quemadura
Protective Ward;Égida protectora
Mana Conduction;Conducción de maná
gained Mana Conduction!;obtiene Conducción de maná!
Indomitable Will;Voluntad indomable
Safe Fall;Caída segura
ATK Up;ATQ arriba
gained ATK Up!;obtiene ATQ arriba!
s ATK increases!;ve aumentado su ATQ!
ATK increases by 25%.;El ATQ aumenta un 25 %.
ATK increases by 50%.;El ATQ aumenta un 50 %.
DEF Down;DEF abajo
DEF decreases by 25%.;La DEF disminuye un 25 %.
Fighting Spirit;Espíritu de lucha
gained Fighting Spirit!;obtiene Espíritu de lucha!
Crit Up;Crítico arriba
gained Crit Up!;obtiene Crítico arriba!
Energy Up;Energía arriba
Dodge Up;Evasión arriba
gained Dodge Up!;obtiene Evasión arriba!
DEF Up;DEF arriba
gained DEF Up!;obtiene DEF arriba!
DEF increases by 25%.;La DEF aumenta un 25 %.
Endurance Up;Aguante arriba
Vitality Up;Vitalidad arriba
Bleed;Sangrado
Stealth;Sigilo
Enters Stealth!;¡Entra en sigilo!
Fear;Miedo
Primordial Potential;Potencial primordial
gained Primordial Potential!;obtiene Potencial primordial!
Follow-Through;Remate
Action Count +1;Acciones +1
Silver Will;Voluntad de plata
DEF Down (Large);DEF abajo (grande)
DEF decreases by 50%.;La DEF disminuye un 50 %.
Morale Boost;Subidón de moral
shouts to boost morale!;grita para subir la moral!
Defense Stance;Postura defensiva
Tentacle Bind;Atadura de tentáculos
Adversity Combat I;Lucha en la adversidad I
gained Adversity Combat I;obtiene Lucha en la adversidad I
Adversity Combat II;Lucha en la adversidad II
gained Adversity Combat II;obtiene Lucha en la adversidad II
Adversity Combat III;Lucha en la adversidad III
gained Adversity Combat III;obtiene Lucha en la adversidad III
Adversity Combat IV;Lucha en la adversidad IV
gained Adversity Combat IV;obtiene Lucha en la adversidad IV
Adversity Combat V;Lucha en la adversidad V
gained Adversity Combat V;obtiene Lucha en la adversidad V
DEF Down (Tiny);DEF abajo (mínima)
DEF Down (Small);DEF abajo (pequeña)
DEF Down (Medium);DEF abajo (media)
DEF Down (Huge);DEF abajo (enorme)
DEF Down (Massive);DEF abajo (masiva)
Dawn Flash;Destello del alba
Prism Shield;Escudo prismático
Primordial Potential+;Potencial primordial+
gained Primordial Potential+!;obtiene Potencial primordial+!
Pain Endure;Aguantar el dolor
Dodge Down;Evasión abajo
gained Dodge Down!;sufre Evasión abajo!
Warped Barrier;Barrera distorsionada
Fatigue Curse;Maldición de fatiga
TP gained decreases 100%.;Los PT obtenidos disminuyen un 100 %.
Anti-Magic Ward;Égida antimagia
Crystallization;Cristalización
gained Crystallization!;obtiene Cristalización!
Mana Burn;Quemadura de maná
gained Mana Burn!;sufre Quemadura de maná!
Wheel of Death;Rueda de la muerte
War Will;Voluntad de guerra
Unsteady;Tambaleante
SPD decreases by 90%.;La VEL disminuye un 90 %.
Hangover;Resaca
Do-or-Die;Todo o nada
Agile Footwork;Juego de pies ágil
Expose Weakness;Exponer debilidad
Thunder Resistance;Resistencia al rayo
Dark Resistance;Resistencia a la oscuridad
Wind Resistance;Resistencia al viento
gained Thunder Resistance!;obtiene Resistencia al rayo!
gained Dark Resistance!;obtiene Resistencia a la oscuridad!
gained Wind Resistance!;obtiene Resistencia al viento!
Thunder Resistance has dispersed.;La Resistencia al rayo se ha disipado.
Dark Resistance has dispersed.;La Resistencia a la oscuridad se ha disipado.
Wind Resistance has dispersed.;La Resistencia al viento se ha disipado.
Indomitable Will+;Voluntad indomable+
Reckless;Temerario
has gone berserk!;se ha vuelto loco de furia!
Perfect Position;Posición perfecta
takes a favorable position!;toma una posición ventajosa!
Big Bang;Big Bang
All stats are enhanced.;Todos los atributos aumentan.
Rat;Rata
Blue Rat;Rata azul
Shirtless Man;Hombre sin camiseta
❤ Homeless Man;❤ Vagabundo
Homeless Man;Vagabundo
❤ Vagrant Leader;❤ Líder de los vagabundos
Vagrant Leader;Líder de los vagabundos
❤ Slaver;❤ Esclavista
Slaver;Esclavista
❤ Albert;❤ Albert
❤ Goblin;❤ Goblin
Berserk Goblin;Goblin enloquecido
Berserk Goblin King;Rey goblin enloquecido
❤ Shirtless Man;❤ Hombre sin camiseta
❤ Man in Black;❤ Hombre de negro
❤ Green-Haired Man;❤ Hombre de pelo verde
Big Pumpkin;Calabaza gigante
Training Dummy Lv.1;Muñeco de entrenamiento Nv. 1
Training Dummy Lv.2;Muñeco de entrenamiento Nv. 2
Training Dummy Lv.3;Muñeco de entrenamiento Nv. 3
Training Dummy Lv.4;Muñeco de entrenamiento Nv. 4
❤ Mansion Guard;❤ Guardia de la mansión
Dune;Dune
Testing Post;Poste de pruebas
Mansion Guard;Guardia de la mansión
Guard;Guardia
Guard Captain;Capitán de la guardia
❤ Mutant Tentacle (Pink);❤ Tentáculo mutante (rosa)
❤ Mutant Tentacle (Purple);❤ Tentáculo mutante (morado)
❤ Mutant Tentacle (Yellow);❤ Tentáculo mutante (amarillo)
❤ Alpha Tentacle;❤ Tentáculo alfa
Mutant Tentacle (Pink);Tentáculo mutante (rosa)
Mutant Tentacle (Purple);Tentáculo mutante (morado)
Mutant Tentacle (Yellow);Tentáculo mutante (amarillo)
Alpha Tentacle;Tentáculo alfa
❤ Cove;❤ Cove
Cove - Calamity Incarnate;Cove - Calamidad encarnada
❤ Spike;❤ Spike
Spike;Spike
Albert;Albert
❤ Laborer;❤ Peón
Laborer;Peón
Aldora;Aldora
❤ Turban Gang Member;❤ Miembro de la banda del turbante
Richard;Richard
Mysterious Merchant;Mercader misterioso
Thug;Matón
Slaver Boss;Jefe esclavista
Iron Armor;Armadura de hierro
Round Shield;Escudo redondo
White Dress;Vestido blanco
Hills' everyday garb.;La ropa de diario de Hills.
Training Ring;Anillo de entrenamiento
Fang Talisman;Talismán de colmillo
Warlock Robe;Túnica de brujo
Manastone Ring;Anillo de piedra de maná
Spiritwood Bracelet;Brazalete de madera espiritual
Maid Uniform;Uniforme de criada
Bunny Suit;Traje de conejita
Power Band;Cinta de poder
White Bikini;Bikini blanco
Leather Bracer;Brazal de cuero
Copper Ring;Anillo de cobre
Cat Hair Clip;Horquilla de gato
Ruby Ring;Anillo de rubí
Burgundy Coat;Abrigo burdeos
Black Leather Gloves;Guantes de cuero negro
Goggles;Gafas protectoras
Diamond Ring;Anillo de diamante
Friend of the Guild;Amiga del gremio
Canvas Gloves;Guantes de lona
Youth Armor;Armadura juvenil
Silver Ring;Anillo de plata
Steel Gauntlets;Guanteletes de acero
Adventurer's Outfit;Atuendo de aventurera
Mercenary Bracers;Brazales de mercenario
Pure Silver Cuirass;Coraza de plata pura
Silver Gauntlets;Guanteletes de plata
Pendant of Endurance;Colgante de aguante
Pendant of Happiness;Colgante de la felicidad
Vanguard Gauntlets;Guanteletes de vanguardia
Snakebone Necklace;Collar de hueso de serpiente
Tattered Clothes;Ropa andrajosa
Green Cloak;Capa verde
Obedience Collar;Collar de obediencia
Worn Dagger;Daga desgastada
Adventurer Longsword;Espada larga de aventurero
Rusty Shortsword;Espada corta oxidada
Thief's Scimitar;Cimitarra de ladrón
Grimoire;Grimorio
Silver Dagger;Daga de plata
Serrated Longsword;Espada larga dentada
Iron Shortsword;Espada corta de hierro
Adventurer's Dagger;Daga de aventurero
Sacred Sword;Espada sagrada
Mithril Sword;Espada de mithril
The Blue Sparrow;El Gorrión Azul
Runeblade;Hoja rúnica
Miya's Letter;Carta de Miya
Charbel's Breakfast;Desayuno de Charbel
Job Posting 01;Anuncio de trabajo 01
Rat Corpse;Cadáver de rata
Bagged sewer rat corpses.;Cadáveres de ratas de alcantarilla en una bolsa.
Filthy Collar;Collar mugriento
Rough Copper Coin;Moneda de cobre tosca
Blue Herb;Hierba azul
Healing Potion;Poción curativa
Vitality Mushroom;Seta de vitalidad
Vitality Mushroom (?);Seta de vitalidad (?)
Tattered Cloth;Trapo andrajoso
Poisonous Mushroom;Seta venenosa
Charbel's Bag;Bolsa de Charbel
Fresh Grilled Fish;Pescado fresco a la brasa
Cheese Sandwich;Sándwich de queso
Boiled Egg;Huevo cocido
Whole-Wheat Bread;Pan integral
Apple Juice;Zumo de manzana
Fast Travel;Viaje rápido
Apple;Manzana
Grapes;Uvas
Blueberries;Arándanos
Cherries;Cerezas
Tomato;Tomate
Royal Potatoes;Patatas reales
Carrot;Zanahoria
Onion;Cebolla
Potato;Patata
Beast Meat;Carne de bestia
Mushroom;Seta
Greens;Verduras
Candied Pumpkin;Calabaza confitada
Small Amethyst;Amatista pequeña
Entry Permit (Temporary);Permiso de entrada (temporal)
Brightly Colored Candy;Caramelo de colores chillones
Pink Punk Hash Browns;Patatas rösti rosa punk
Smoked Beast Meat;Carne de bestia ahumada
Rich Meat Stew;Estofado de carne contundente
Fruit Bread;Pan de frutas
Bread Shroom Tower;Torre de pan y setas
Tomato Salad;Ensalada de tomate
Fruit Mash;Puré de frutas
Shroom Party;Fiesta de setas
Dark Spud Stars;Estrellas de patata oscuras
Bye-Bye Pumpkin Pie;Tarta de calabaza Adiós
Medicinal Meat Soup;Sopa de carne medicinal
Casino Chip;Ficha de casino
Golden Chip;Ficha dorada
Magic Die;Dado mágico
Golden Voucher;Vale dorado
Job Posting 02;Anuncio de trabajo 02
Job Posting 03;Anuncio de trabajo 03
Job Posting 04;Anuncio de trabajo 04
Milk Sandwich;Sándwich de leche
Instruction Manual;Manual de instrucciones
Sample Bottle;Frasco de muestra
Sunset Liquor;Licor del ocaso
Bag of Treasure;Bolsa de tesoros
Gang Emblem;Emblema de la banda
Silverleaf;Hoja de plata
Red Crown;Corona roja
Wild Vine;Enredadera silvestre
Medium Healing Potion;Poción curativa media
Supreme Healing Potion;Poción curativa suprema
Cracked Crystal;Cristal agrietado
Cracked Red Crystal;Cristal rojo agrietado
Entry Permit (Forged);Permiso de entrada (falsificado)
Letter for Misty;Carta para Misty
Poison-Tipped Dart;Dardo envenenado
Throwing Star;Estrella arrojadiza
Video Crystal;Cristal de vídeo
Volatile Explosive;Explosivo inestable
Burly Man's Testimony;Testimonio del hombre fornido
Blonde Woman's Testimony;Testimonio de la mujer rubia
Old Man's Testimony;Testimonio del anciano
Shop Ornament (Alarm Crystal);Adorno de la tienda (cristal de alarma)
Bookstore Owner's Testimony;Testimonio del librero
Shop Ornament (Placard);Adorno de la tienda (letrero)
Tangled Thread;Hilo enredado
Thick Rope;Cuerda gruesa
Black Magnet;Imán negro
Wolf-Head Charm;Amuleto de cabeza de lobo
Old Coin;Moneda antigua
Prolonged Vitality Elixir;Elixir de vitalidad prolongada
Prolonged Strength Elixir;Elixir de fuerza prolongada
Prolonged Ward Elixir;Elixir de protección prolongada
Strange Package;Paquete extraño
Mutant Tentacle Notebook;Cuaderno del tentáculo mutante
Tattered Journal;Diario andrajoso
Strange Elixir;Elixir extraño
Handwritten Note;Nota manuscrita
Cove's Formula;Fórmula de Cove
Alchemy Ingredients;Ingredientes de alquimia
Promotional Posters;Carteles promocionales
Bag of Supplies;Bolsa de provisiones
Bag of Medicine;Bolsa de medicinas
Clearheart Powder;Polvo de corazón claro
Gold Medallion;Medallón de oro
Sleeve Blade;Hoja de manga
Disguise Cloak;Capa de disfraz
Amplification Crystal;Cristal de amplificación
Spark of Inspiration;Chispa de inspiración
Heart of Nourishment;Corazón nutritivo
Heart of Longing;Corazón anhelante
Roll of Recipes;Rollo de recetas
Round Rolls;Panecillos redondos
Moon Reunion;Reencuentro lunar
Old Key;Llave antigua
Bottle of Beer;Botella de cerveza
Paralysis Potion;Poción paralizante
Amorphous Construct;Constructo amorfo
Fang Sigil;Sello del colmillo
Adventurer Sigil;Sello del aventurero
Endurance Sigil;Sello del aguante
Sooth Sigil;Sello del alivio
Serpent Sigil;Sello de la serpiente
Electric Ward Potion;Poción de protección eléctrica
Dark Ward Potion;Poción de protección oscura
Wind Ward Potion;Poción de protección del viento
Rebel Sigil;Sello rebelde
Justin's Token;Ficha de Justin
Rainbow Jelly;Gelatina arcoíris
The Septa Aether;El Éter Septa
Big Bang Rainbow Jelly;Gelatina arcoíris Big Bang
Phantasm Crystal;Cristal fantasmal
Hills’ Notes;Notas de Hills
Ingredient Pack (Vegetable Dishes);Lote de ingredientes (platos de verdura)
Downtown;Centro
Port District;Distrito portuario
City Forest;Bosque de la ciudad
Joy Street;Calle del Placer
Noble District;Distrito noble
Slums;Barrios bajos
Farmlands;Tierras de cultivo
cast %1!;lanza %1!
launches an attack!;lanza un ataque!
takes a defensive stance!;adopta una postura defensiva!
Bite;Mordisco
Cleave;Hendidura
Escape;Escapar
Shield Bash;Golpe de escudo
Shield Strike;Impacto de escudo
Smash;Machaque
Cleave+;Hendidura+
Paralysis Bottle;Frasco paralizante
Sticky Fingers;Manos largas
Slash;Tajo
Vile Strike;Golpe vil
Wind Cutter;Cortaviento
Handle Strike;Golpe de empuñadura
Lightning Call;Llamada del rayo
Heal;Curar
Mighty Blow;Golpe poderoso
Phantom Blade;Hoja fantasma
Whirlwind Slash;Tajo torbellino
Fist Flurry;Ráfaga de puños
Creamy Soup (Food Effect);Sopa cremosa (efecto de comida)
Cassoulet (Food Effect);Cassoulet (efecto de comida)
Claw Strike;Zarpazo
Berserker Slash;Tajo berserker
Battle Roar;Rugido de batalla
Charge;Embestida
Throw Stone;Lanzar piedra
Single Mind;Mente única
Strong Luck;Gran suerte
Unshakable;Inquebrantable
stood unmoving.;se queda inmóvil.
Radiant Blade;Hoja radiante
Silverflash Quadslash;Cuádruple tajo de plata
Holy Flash;Destello sagrado
Battle Dominion;Dominio del combate
Piercing Flurry;Ráfaga perforante
Phantom Step;Paso fantasma
Triple Slash;Tajo triple
V Strike;Golpe en V
Divine Arrow;Flecha divina
Rain of Death;Lluvia de muerte
Fierce Presence;Presencia feroz
Shred;Desgarro
Ultimate: Endless Rampage;Definitiva: Arrasamiento sin fin
Passive: Fighting Spirit;Pasiva: Espíritu de lucha
Silverfang Dance;Danza del colmillo de plata
One Mind;Una sola mente
Cleave Strike;Golpe hendiente
Axe Smash;Hachazo
War Cry;Grito de guerra
Raise Shield;Alzar escudo
Command;Ordenar
Test: Self-Sacrifice;Prueba: Autosacrificio
Tentacle Lash;Latigazo de tentáculo
Struggle;Forcejear
Charge Up;Cargar energía
Desperate Struggle;Forcejeo desesperado
Icy Judgement;Juicio helado
Misty Iceblade;Hoja de hielo de Misty
Twin Frost;Escarcha gemela
Frost Cross;Cruz de escarcha
Triple Whiplash;Triple latigazo
Thunderstrike;Impacto de rayo
Vital Flow;Flujo vital
Passive: Adversity Combat;Pasiva: Lucha en la adversidad
Mutant Body;Cuerpo mutante
Tentacle Crush;Aplastamiento de tentáculo
Sacred Word;Palabra sagrada
Raging Fury;Furia desatada
Squirter;Chorro
Life Drain;Drenar vida
Roar!;¡Rugido!
delivers a menacing roar!;suelta un rugido amenazador!
Debuff Cleanse;Purificar debilitaciones
Passive: Primordial Potential+;Pasiva: Potencial primordial+
Whirling Blade;Hoja giratoria
Howl;Aullido
Twin Windcutter;Cortaviento doble
Heaven's Thunder;Rayo celestial
Shadow Bind;Atadura de sombras
Dark Orb;Orbe oscuro
Healing Light;Luz curativa
Cracked Barrier;Barrera agrietada
Intimidated;Intimidado
Rolling Thunder;Trueno ondulante
Gale Dart;Dardo vendaval
Brute Force;Fuerza bruta
Heavy Blow;Golpe pesado
Quick Reflexes;Reflejos rápidos
Vengeance;Venganza
Passive: War Will;Pasiva: Voluntad de guerra
Passive: Do-or-Die;Pasiva: Todo o nada
Battle Insight I;Visión de combate I
Battle Insight II;Visión de combate II
Battle Insight III;Visión de combate III
Battle Insight IV;Visión de combate IV
Battle Insight V;Visión de combate V
Do Nothing;No hacer nada
Energy;Energía
Blade Flurry;Ráfaga de cuchillas
Swift Cleave;Hendidura veloz
Fist of the Tiger;Puño del tigre
Eradicate;Erradicar
Fearless;Intrépida
Shotgun a Potion;Beberse una poción de golpe
Shadow Annihilation;Aniquilación sombría
Staff Strike;Golpe de bastón
Double Strike;Golpe doble
Rend;Desgarrar
Triple Strike;Golpe triple
Armor Tear;Rasgar armadura
The Adventures of HILLS;The Adventures of HILLS
Character Bios;Biografías
Reset to Default Values;Restablecer valores predeterminados
Swap A/B Buttons;Intercambiar botones A/B
Instant Text Display;Texto instantáneo
Run Speed;Velocidad al correr
Window Style;Estilo de ventana
Window Color R;Color de ventana R
Window Color G;Color de ventana G
Window Color B;Color de ventana B
Window Opacity;Opacidad de ventana
Back;Atrás
Fullscreen Mode;Pantalla completa
Town Guide;Guía de la ciudad
CG Sharpening;Nitidez de CG
ON;SÍ
OFF;NO
Exit Game;Salir del juego
New Game+;Nueva partida+
SOLD OUT;AGOTADO
Stock;Existencias
Day [1] - Daytime;Día [1] - De día
Day [1] - Nighttime;Día [1] - De noche
Auto Save;Autoguardado
Reda;Reda
Cove;Cove
Misty;Misty
Kiki;Kiki
Micoco;Micoco
Miya;Miya
Charbel;Charbel
Justin;Justin
Marketplace hulabaloo...;El bullicio del mercado...
This...is their story.;Esta... es su historia.
The next morning...;A la mañana siguiente...
Baskets full of ingredients.;Cestas llenas de ingredientes.
Accept the deal;Aceptar el trato
Reject the deal;Rechazar el trato
Let me think;Déjame pensarlo
Creamy Soup;Sopa cremosa
Hollerin' QQ Skewers;Brochetas QQ a grito pelado
Cassoulet;Cassoulet
Spicy Hash Browns;Patatas rösti picantes
Think about it;Pensarlo
Cook;Cocinar
Never Mind;Da igual
Take-Out Food;Comida para llevar
Tutorial;Tutorial
The passerby leaves.;El transeúnte se marcha.
Charbel leaves.;Charbel se marcha.
The children leave.;Los niños se marchan.
The guard passes out.;El guardia se desmaya.
Meanwhile...;Mientras tanto...
Aldora whispers.;Aldora susurra.
The guard leaves.;El guardia se marcha.
The head maid leaves.;La jefa de criadas se marcha.
Obtained 500 G!;¡Has obtenido 500 G!
Not long after...;Poco después...
Charbel leaves the room.;Charbel sale de la habitación.
Dune leaves the basement.;Dune sale del sótano.
Miya leaves the room.;Miya sale de la habitación.
Gadola Public Baths;Baños públicos de Gadola
Steal it;Robarlo
Never mind;Da igual
Give in;Ceder
Say no!;¡Negarse!
Okay;Vale
Reda's shield.;El escudo de Reda.
Micoco's big pack.;La gran mochila de Micoco.
Have a soak;Darse un baño
Lost 150 G!;¡Has perdido 150 G!
About the job;Sobre el trabajo
HP fully restored!;¡PV restaurados por completo!
The boilerman leaves.;El calderero se marcha.
Hills leaves the bathhouse.;Hills sale de los baños.
Let's do it;Hagámoslo
Not yet;Todavía no
That's right;Así es
Lv. 1;Nv. 1
Lv. 2;Nv. 2
Lv. 3;Nv. 3
Lv. 4;Nv. 4
Begin training;Empezar el entrenamiento
Obtained 100 G!;¡Has obtenido 100 G!
Obtained 200 G!;¡Has obtenido 200 G!
Obtained 450 G!;¡Has obtenido 450 G!
Obtained 850 G!;¡Has obtenido 850 G!
Beautiful artificial flowers.;Unas preciosas flores artificiales.
Yes;Sí
No;No
*glug glug*;*glu glu*
About the current situation;Sobre la situación actual
About Reda;Sobre Reda
About Micoco;Sobre Micoco
Tell her;Decírselo
Gleeful, Micoco leaves.;Micoco se marcha muy contenta.
That wraps it up;Eso es todo
Wait a little longer;Esperar un poco más
The burly man;El hombre fornido
The blonde woman;La mujer rubia
The old man;El anciano
View clues;Ver pistas
Obtained 5,500 G;Has obtenido 5.500 G
Bring it on!;¡Adelante!
Accept job;Aceptar el trabajo
Put up poster;Colgar el cartel
Maybe later;Quizá luego
Successfully picked a pumpkin!;¡Has cogido una calabaza!
Help Emma;Ayudar a Emma
Obtained 1,200 G;Has obtenido 1.200 G
Let's go!;¡Vamos!
A big round boulder.;Una gran roca redonda.
A broken toolbox.;Una caja de herramientas rota.
Obtained 2,000 G;Has obtenido 2.000 G
About Cove;Sobre Cove
Chat with Miya;Charlar con Miya
Go downtown.;Ve al centro.
Earn more money.;Gana más dinero.
Go to Joy Street.;Ve a la calle del Placer.
Escape your pursuers!;¡Escapa de tus perseguidores!
Rescue Cove!;¡Rescata a Cove!
Continue searching for clues.;Sigue buscando pistas.
Talk to people downtown.;Habla con la gente del centro.
Rest up;Descansar
Rescue Kiki.;Rescata a Kiki.
Escape the mayor's residence.;Escapa de la residencia del alcalde.
Go to the basement.;Ve al sótano.
Look for Aldora.;Busca a Aldora.
Escape the mayor's residence!;¡Escapa de la residencia del alcalde!
Ask Miya;Preguntar a Miya
Find the mayor.;Encuentra al alcalde.
Kill the Alpha Tentacle.;Mata al tentáculo alfa.
Leave the tentacle lair.;Sal de la guarida de los tentáculos.
Escape from the sewers.;Escapa de las alcantarillas.
Leave the slaver base.;Sal de la base de los esclavistas.
Rescue the Civilian Victims;Rescatar a las víctimas civiles
Help the adventurer Reda;Ayudar a la aventurera Reda
Collect alchemy materials;Reunir materiales de alquimia
Find a boilerman;Encontrar un calderero
Model for the painter;Posar para el pintor
Make detox medicine;Preparar un antídoto
Help the adventurer Micoco;Ayudar a la aventurera Micoco
Deliver the package;Entregar el paquete
Unseal the treasure;Desprecintar el tesoro
Buy materials;Comprar materiales
Put up posters;Colgar carteles
Deliver a care package;Entregar un paquete de ayuda
Rescue Sarah;Rescatar a Sarah
The Overzealous Suitor;El pretendiente pesado
The Ultimate Recipe!;¡La receta definitiva!
Job complete!;¡Trabajo completado!
Mission complete!;¡Misión cumplida!
Mission failed!;¡Misión fallida!
Mission complete...?;¿Misión cumplida...?
The gate is locked.;La verja está cerrada.
Trained with Aldora.;Has entrenado con Aldora.
Hills received 400 EXP!;¡Hills ha recibido 400 EXP!
Hills gained 500 EXP!;¡Hills ha ganado 500 EXP!
Hills gained 600 EXP!;¡Hills ha ganado 600 EXP!
Hills gained 800 EXP!;¡Hills ha ganado 800 EXP!
Hills gained 1000 EXP!;¡Hills ha ganado 1000 EXP!
Leave the port district?;¿Salir del distrito portuario?
Warehouse Personnel Only;Solo personal del almacén
A urinal for men.;Un urinario para hombres.
A sit-down public toilet.;Un váter público.
Didn't know that...;No lo sabía...
That doesn't interest me.;No me interesa.
Takeout;Para llevar
Just looking;Solo estoy mirando
Ask about a job;Preguntar por trabajo
I'm in.;Me apunto.
Gulp, gulp, gulp~;Glu, glu, glu~
Obtained 150 G!;¡Has obtenido 150 G!
Some time passes...;Pasa un rato...
(*Tremble*... *Tremble*...);(*Tiembla*... *Tiembla*...)
Listen to the story.;Escuchar la historia.
It doesn't interest me.;No me interesa.
Trade;Intercambiar
Hear the story again;Volver a escuchar la historia
Maybe not;Mejor no
Reset;Reiniciar
Help;Ayudar
Don't help;No ayudar
Obtained 3,000 G!;¡Has obtenido 3.000 G!
Browse fruit;Ver la fruta
Obtained 4,000 G!;¡Has obtenido 4.000 G!
Fruit;Fruta
Sneak in;Colarse
Obtained 1,600 G!;¡Has obtenido 1.600 G!
Agree to help;Aceptar ayudar
Refuse;Negarse
Ask about Reda;Preguntar por Reda
Reda joined the party!;¡Reda se ha unido al grupo!
What should I do?;¿Qué hago?
I'm good to go.;Estoy lista.
Obtained 50 G!;¡Has obtenido 50 G!
Escape north;Huir al norte
Escape west;Huir al oeste
Reda's paralysis wore off!;¡A Reda se le ha pasado la parálisis!
Stay put;Quedarse quieta
Keep searching;Seguir buscando
A locked wooden door.;Una puerta de madera cerrada con llave.
Sacks of stored food.;Sacos de comida almacenada.
Bags filled with dirt.;Bolsas llenas de tierra.
Tightly stacked crates.;Cajas bien apiladas.
An unlit lantern.;Un farol apagado.
The slavers leave.;Los esclavistas se marchan.
An empty treasure chest.;Un cofre del tesoro vacío.
Quick footsteps approach.;Se acercan pasos rápidos.
Hills finally loses consciousness.;Hills acaba perdiendo el conocimiento.
Ask to join.;Pedir unirse.
Think about it.;Pensarlo.
Cooking;Cocinar
Cleaning;Limpiar
Ready;Lista
Medium heat;Fuego medio
High heat;Fuego alto
Mandrake root;Raíz de mandrágora
Butter;Mantequilla
Death worm;Gusano de la muerte
Chicken;Pollo
Enter;Entrar
Don't enter;No entrar
The door unlocks!;¡La puerta se abre!
Attempt to steal;Intentar robar
Return to Gadola?;¿Volver a Gadola?
Brewing potions;Preparar pociones
Nah;Paso
Ask about alchemy;Preguntar por la alquimia
Obtained 800 G!;¡Has obtenido 800 G!
I'll do it.;Lo haré.
After a short while...;Al poco rato...
Leave Joy Street?;¿Salir de la calle del Placer?
Civilians waiting in line.;Ciudadanos haciendo cola.
Give it a try;Probar
A soft, plush bed.;Una cama blandita y mullida.
Draw first;Robar primero
Draw second;Robar segunda
Hills draws a card.;Hills roba una carta.
Heads;Cara
Tails;Cruz
Try it out;Probarlo
Obtained 1,500 G!;¡Has obtenido 1.500 G!
Let's go;Vamos
Stay for the show.;Quedarse al espectáculo.
Call it a night.;Dar la noche por terminada.
Deal;Repartir
Ask about the rules;Preguntar las reglas
Start the game;Empezar la partida
Use;Usar
High;Alta
Low;Baja
Fight back.;Defenderse.
Obey quietly.;Obedecer en silencio.
Hills passes out.;Hills se desmaya.
Receive a blessing.;Recibir una bendición.
Nothing happens.;No pasa nada.
Join;Unirse
Think it over again;Volver a pensarlo
Hills loses consciousness...;Hills pierde el conocimiento...
Obtained 5,000 G!;¡Has obtenido 5.000 G!
Go in hard.;Ir a por todas.
Think it over again.;Volver a pensarlo.
Go with him.;Ir con él.
In your dreams!;¡Ni en tus sueños!
Obtained 2,000 G!;¡Has obtenido 2.000 G!
Accept the job;Aceptar el trabajo
Start working;Empezar a trabajar
Nah...;Paso...
Leave the Noble District?;¿Salir del distrito noble?
The door is locked.;La puerta está cerrada con llave.
The artist hurries off.;El artista se marcha a toda prisa.
Not yet.;Todavía no.
Go for it.;A por ello.
Just then...;Justo entonces...
Chat for a bit.;Charlar un rato.
Refuse firmly.;Negarse en redondo.
A plump purple mushroom.;Una seta morada y regordeta.
Sell it;Venderlo
Don't sell;No vender
Brew potions;Preparar pociones
Hills leaves the slums.;Hills sale de los barrios bajos.
A desktop-sized communication crystal.;Un cristal de comunicación de sobremesa.
A solid black safe.;Una robusta caja fuerte negra.
Obtained 2,500 G!;¡Has obtenido 2.500 G!
Let's play.;Juguemos.
Rules;Reglas
Big;Mayor
Small;Menor
Keep playing.;Seguir jugando.
Give up.;Rendirse.
Take on an adventure.;Emprender una aventura.
Never mind.;Da igual.
You lose 1,000 G...;Pierdes 1.000 G...
Bring it on.;Adelante.
Think it over.;Pensarlo.
A dim dormitory;Un dormitorio en penumbra
A gambling den;Un garito de apuestas
A beggar's path;El camino del mendigo
A maze of rooms;Un laberinto de habitaciones
No way;Ni hablar
You lose 50 G...;Pierdes 50 G...
Try again!;¡Otra vez!
That's enough for now.;Ya basta por ahora.
Fortune favors the bold;La fortuna sonríe a los audaces
You obtain 500 G!;¡Obtienes 500 G!
Pay the price;Pagar el precio
You lose 500 G...;Pierdes 500 G...
Of course.;Por supuesto.
Wait a moment.;Espera un momento.
Left;Izquierda
Middle;Centro
Right;Derecha
Free the prisoner;Liberar al prisionero
Hills leaves the room.;Hills sale de la habitación.
Browse goods;Ver la mercancía
Challenge you!;¡Te desafío!
Nothing;Nada
The mysterious merchant leaves.;El mercader misterioso se marcha.
Investigate further;Investigar más
Persist;Insistir
Think again;Pensarlo otra vez
About the rescue;Sobre el rescate
Go rescue them;Ir a rescatarlos
Let's do this!;¡Vamos allá!
Accept challenge;Aceptar el desafío
You lose 300 G.;Pierdes 300 G.
Hills pulls out...cash!;Hills saca... ¡dinero!
Hills pulls out...old coins!;Hills saca... ¡monedas antiguas!
Time to kick ass;Hora de repartir leña
Flee like a wussy;Huir como una gallina
Try to persuade him;Intentar convencerlo
Confront him head-on;Plantarle cara
The door locks automatically.;La puerta se cierra sola.
The vagrants leave.;Los vagabundos se marchan.
Reda joins the party!;¡Reda se une al grupo!
Obtained 120 G!;¡Has obtenido 120 G!
Shield Bash!;¡Golpe de escudo!
Take him with us.;Llevarlo con nosotras.
Reda leaves the city.;Reda se marcha de la ciudad.
The vagrant leader collapses.;El líder de los vagabundos se desploma.
Albert departs.;Albert se marcha.
Leave.;Irse.
Wait a bit longer.;Esperar un poco más.
Accept;Aceptar
You receive 200 G!;¡Recibes 200 G!
Tell him the truth;Decirle la verdad
Eat!;¡Comer!
Just go!;¡Vete ya!
Of course;Por supuesto
No need for that;No hace falta
Spike lies unconscious.;Spike yace inconsciente.
Not long ago...;No hace mucho...
An empty chest.;Un cofre vacío.
An empty minecart.;Una vagoneta vacía.
An inactive pillar.;Un pilar inactivo.
Acquired 12,000 G!;¡Has conseguido 12.000 G!
Move forward.;Seguir adelante.
Turn back.;Dar media vuelta.
Cove joins the party!;¡Cove se une al grupo!
*Gulp* *Gulp*...;*Glu* *Glu*...
Meanwhile, elsewhere...;Mientras tanto, en otro lugar...
Miya loses consciousness.;Miya pierde el conocimiento.
Wait to leave?;¿Esperar para salir?
The guild worker leaves.;El empleado del gremio se marcha.
Connection to the mayor;Relación con el alcalde
Cove's goal;El objetivo de Cove
The mayor's goal;El objetivo del alcalde
End conversation;Terminar la conversación
Surrender;Rendirse
Fight back;Defenderse
Fight to the death;Luchar hasta la muerte
Alright;De acuerdo
Sure;Claro
Hills leaves the safehouse.;Hills sale del piso franco.
Hills gained 50 EXP!;¡Hills ha ganado 50 EXP!
Hills gained 40 EXP!;¡Hills ha ganado 40 EXP!
Hills gained 25 EXP!;¡Hills ha ganado 25 EXP!
Hills gained 80 EXP!;¡Hills ha ganado 80 EXP!
Hills gained 70 EXP!;¡Hills ha ganado 70 EXP!
Hills gained 1,000 EXP!;¡Hills ha ganado 1.000 EXP!
Hills gained 95 EXP!;¡Hills ha ganado 95 EXP!
Hills gained 120 EXP!;¡Hills ha ganado 120 EXP!
Hills gained 150 EXP!;¡Hills ha ganado 150 EXP!
An unactivated node crystal.;Un cristal nodal sin activar.
Go back to sleep;Volver a dormir
Continue exploring;Seguir explorando
Confirm;Confirmar
End exploration;Terminar la exploración
Kiki's favorite teddy bear.;El osito de peluche favorito de Kiki.
Enter the Memory Room?;¿Entrar en la Sala de Recuerdos?
First Encounter;Primer encuentro
Failed Escape;Huida fallida
Know Reda;Conoces a Reda
Don't Know Reda;No conoces a Reda
First Defeat;Primera derrota
After the Second Time;Después de la segunda vez
Chocolate Bar;Tableta de chocolate
Nipple Sucking;Chupando pezones
Forced Blowjob;Mamada forzada
Three Way;Trío
Follow-up;Continuación
Defeat in the Slums;Derrota en los barrios bajos
Caught Again;Atrapada otra vez
Take a Peek;Echar un vistazo
View Hint;Ver pista
View;Ver
Ending 3: Burning Gadola;Final 3: Gadola en llamas
Ending 4: Human Ranch;Final 4: Granja humana
Quick Recap;Resumen rápido
Full Memory;Recuerdo completo
Choose target of attack;Elige el objetivo del ataque
Citizen;Ciudadano
Skip;Saltar
Hills & Aldora;Hills y Aldora
The man catches Hills!;¡El hombre atrapa a Hills!
*gulp* *gulp*;*glu* *glu*
%1 turn(s) left;Quedan %1 turno(s)
No current statuses;Sin estados actualmente
Defeat the Guard Captain.;Derrota al capitán de la guardia.
Afterward;Después
Leave;Salir
Don't leave;No salir
OK;Aceptar
Rest until night?;¿Descansar hasta la noche?
Rest until day?;¿Descansar hasta el día?
Craft/Trade;Fabricar/Intercambiar
Required items;Objetos necesarios
Chinese;Chino
Japanese;Japonés
Voice Volume;Volumen de voces
Voice Language;Idioma de las voces
Done;Hecho
Sausage Pizza;Pizza de salchicha
Fruit & Veggie Salad;Ensalada de fruta y verdura
Grilled Fresh Fish;Pescado fresco a la brasa
Memory Room;Sala de Recuerdos
Hideout Entrance;Entrada del escondite
Hideout;Escondite
North Slums;Barrios bajos del norte
Abandoned Shack;Cabaña abandonada
West Slums;Barrios bajos del oeste
Slum Residence;Vivienda de los barrios bajos
Slum Tavern;Taberna de los barrios bajos
Slum General Store;Tienda general de los barrios bajos
Slum Item Shop;Tienda de objetos de los barrios bajos
Guard Station;Cuartel de la guardia
Underground Cell;Celda subterránea
Adventurers Guild;Gremio de Aventureros
Downtown Inn;Posada del centro
Public Bathhouse;Baños públicos
Training Grounds;Campo de entrenamiento
Sewer Entrance;Entrada de las alcantarillas
Sewers;Alcantarillas
Empty Lot;Solar vacío
Port Tavern;Taberna del puerto
Dock Warehouse;Almacén del muelle
Small Warehouse;Almacén pequeño
Port Inn;Posada del puerto
Port Item Shop;Tienda de objetos del puerto
Public Toilet;Aseo público
Gadola;Gadola
Safehouse;Piso franco
Slaver Base;Base de los esclavistas
Outskirts Road;Camino de las afueras
Abandoned Mine — 1F;Mina abandonada — P1
Abandoned Mine — 2F;Mina abandonada — P2
Abandoned Mine — 3F;Mina abandonada — P3
Mayor's Residence — 1F;Residencia del alcalde — P1
Mayor's Residence — 2F;Residencia del alcalde — P2
Stables;Establos
Painter's Studio;Estudio del pintor
Noble Item Shop;Tienda de objetos del distrito noble
Noble General Store;Tienda general del distrito noble
Crystal Shop;Tienda de cristales
Bookstore;Librería
Magical Goods;Artículos mágicos
Joy Street Inn;Posada de la calle del Placer
Punishment House;Casa del Castigo
Nightingale;Ruiseñor
Escape Room Club;Club de Escape
Escape Room;Sala de escape
Joy Street Bar;Bar de la calle del Placer
Bar Basement;Sótano del bar
Changing Room;Vestuario
Joy Street Casino;Casino de la calle del Placer
Adult Shop;Tienda para adultos
Mayor's Courtyard;Patio del alcalde
Mayor's Residence — B1;Residencia del alcalde — S1
Mayor's Residence — B2;Residencia del alcalde — S2
Underground Labyrinth;Laberinto subterráneo
Tentacle Nest;Nido de tentáculos
Slum Depths;Profundidades de los barrios bajos
Great Underground Hall;Gran salón subterráneo
Massage Parlor;Salón de masajes
Phantasmal Corridor;Pasillo fantasmal
Town Residence;Vivienda de la ciudad
UG Training Grounds;Campo de entrenamiento subterráneo
Battle Log;Registro de combate
------Start Battle------;------Empieza el combate------
------Turn %d  End------;------Fin del turno %d------
Continue watching the scene?;¿Seguir viendo la escena?
Challenge It Now;Desafiarlo ahora
Come Back Later;Volver más tarde
An inactive teleportation circle.;Un círculo de teletransporte inactivo.
Enter UG Training Grounds;Entrar al campo de entrenamiento subterráneo
Not now;Ahora no
About Extra Challenges;Sobre los desafíos extra
Let's Go;Vamos
Maybe Later;Quizá luego
Heroic Mode;Modo heroico
Time Attack Mode;Modo contrarreloj
Mode Info;Información del modo
Underground Training Grounds;Campo de entrenamiento subterráneo
Arcane Dagger;Daga arcana
Arcane Dagger +1;Daga arcana +1
Arcane Dagger +2;Daga arcana +2
Arcane Dagger +3;Daga arcana +3
Arcane Dagger +4;Daga arcana +4
Arcane Dagger +5;Daga arcana +5
Arc Prism;Prisma arcano
Battle Matrix: Heal;Matriz de combate: Curación
Battle Matrix: Ruin;Matriz de combate: Ruina
Battle Matrix: Swift;Matriz de combate: Celeridad
Battle Matrix: Devour;Matriz de combate: Devorar
Power of Link;Poder del vínculo
Link Break;Ruptura del vínculo
Test of Might;Prueba de fuerza
Jar of Crystal Powder;Tarro de polvo de cristal
Give Spike a Beating.;Dale una paliza a Spike.
Bakery Clerk;Dependiente de la panadería
Crowd;Multitud
It smells so good...;Huele de maravilla...
Brand new flavor for sale now! Get it while it's hot!;¡Nuevo sabor a la venta! ¡Lleváoslo mientras esté caliente!
\N<\C[5]Crowd\C[0]>This bakery sells out of bread as soon as it comes out of the oven. \nThis time I'm not missing out!;\N<\C[5]Multitud\C[0]>Esta panadería agota el pan nada más salir del horno. \n¡Esta vez no me quedo sin él!
\N<\C[5]Crowd\C[0]>My darling daughter loves this place. Today I might as well buy three.;\N<\C[5]Multitud\C[0]>A mi querida hija le encanta este sitio. Hoy creo que me llevaré tres.
\N<\C[5]Crowd\C[0]>His lordship specifically requested this bakery's new flavor. \nMm...I wonder how it tastes.;\N<\C[5]Multitud\C[0]>El señor pidió expresamente el nuevo sabor de esta panadería. \nMm... me pregunto a qué sabrá.
\N<\C[5]Black-Haired Girl\C[0]>\F[10]\SK[Think|Hils_N|ForeArm_Lv2]\SA[Idle_01]Bread... *gurgle*... Boy am I hungry...;\N<\C[5]Chica de pelo negro\C[0]>\F[10]\SK[Think|Hils_N|ForeArm_Lv2]\SA[Idle_01]Pan... *ruñido de tripas*... ¡Madre mía, qué hambre tengo!
\N<\C[5]Rude Voice\C[0]>\AA[N]\F[10]\SK[Normal|Hils_N|ForeArm_Lv1]\SA[Idle_01]Bitch! Stop right there!;\N<\C[5]Voz grosera\C[0]>\AA[N]\F[10]\SK[Normal|Hils_N|ForeArm_Lv1]\SA[Idle_01]¡Zorra! ¡Detente ahí mismo!
\N<\C[5]Green-Haired Man\C[0]>*puff* *puff* Fuck! You're not getting away!;\N<\C[5]Hombre de pelo verde\C[0]>*jadeo* *jadeo* ¡Mierda! ¡No escaparás!
\N<\C[5]Green-Haired Man\C[0]>Ha! Not so slick now, are you?;\N<\C[5]Hombre de pelo verde\C[0]>¡Ja! Ya no eres tan escurridiza, ¿verdad?
\N<\C[5]Green-Haired Man\C[0]>I know this place like the back of my hand! My men have you surrounded!;\N<\C[5]Hombre de pelo verde\C[0]>¡Conozco este lugar como la palma de mi mano! ¡Mis hombres te tienen rodeada!
\N<\C[5]Green-Haired Man\C[0]>Fuck you, it doesn't matter what you say. You'll get what's coming to you when we\ncatch you. Stand and face us if you have the balls!;\N<\C[5]Hombre de pelo verde\C[0]>¡Que te jodan, me da igual lo que digas! ¡Te vas a enterar cuando te pillemos! \n¡Párate y plántanos cara si tienes ovarios!
\N<\C[5]Green-Haired Man\C[0]>Fuck, she's running again! Get her!;\N<\C[5]Hombre de pelo verde\C[0]>¡Mierda, está huyendo de nuevo! ¡A por ella!
\N<\C[5]Men\C[0]>B-boss! Wait for us!;\N<\C[5]Hombres\C[0]>¡J-jefe! ¡Espéranos!
\N<\C[5]Bakery Clerk\C[0]>Uh... Haha... I didn't expect that. That was scary...;\N<\C[5]Panadero\C[0]>Eh... Jaja... No me esperaba eso. Qué susto...
\N<\C[23]Miya\C[0]>\AA[FF]\FFF[10]\SSSK[Normal|Hils_N|ForeArm_Lv1]\SSSA[Idle_01]\F[90]\SK[Normal|Charbel_N]\SA[Idle_01]\FF[30]\SSK[Happy|Miya_N]\SSA[Idle_01]Well done, Hills. I knew you had it in you.;\N<\C[23]Miya\C[0]>\AA[FF]\FFF[10]\SSSK[Normal|Hils_N|ForeArm_Lv1]\SSSA[Idle_01]\F[90]\SK[Normal|Charbel_N]\SA[Idle_01]\FF[30]\SSK[Happy|Miya_N]\SSA[Idle_01]Bien hecho, Hills. Sabía que serías capaz.
\N<\C[27]Aldora\C[0]>\AA[FFFF]\FFF[10]\SSSK[Sad|Hils_N|ForeArm_Lv1]\SSSA[Idle_01]\F[90]\SK[Normal|Charbel_N]\SA[Idle_01]\FF[30]\SSK[Complacent|Miya_N]\SSA[Idle_01]\FFFF[70]\SSSSK[Complacent|Aldora_N]\SSSSA[Idle_01]Heheh... It was a bit tougher than usual. It took a while to shake them off, but it\nwas no problem for me!;\N<\C[27]Aldora\C[0]>\AA[FFFF]\FFF[10]\SSSK[Sad|Hils_N|ForeArm_Lv1]\SSSA[Idle_01]\F[90]\SK[Normal|Charbel_N]\SA[Idle_01]\FF[30]\SSK[Complacent|Miya_N]\SSA[Idle_01]\FFFF[70]\SSSSK[Complacent|Aldora_N]\SSSSA[Idle_01]Jeje... ¡Ha sido un poco más difícil de lo habitual! Tardé un rato en quitármelos de encima, ¡pero no ha sido\nningún problema para mí!
\N<\C[23]Miya\C[0]>\AA[FF]\FFF[10]\SSSK[Normal|Hils_N|ForeArm_Lv1]\SSSA[Idle_01]\F[90]\SK[Happy|Charbel_N]\SA[Idle_01]\FF[30]\SSK[Happy|Miya_N]\SSA[Idle_01]\FFFF[70]\SSSSK[Normal|Aldora_N]\SSSSA[Idle_01]That's it for now. Go and rest. Anything important can wait until tomorrow. \nThanks, everyone.;\N<\C[23]Miya\C[0]>\AA[FF]\FFF[10]\SSSK[Normal|Hils_N|ForeArm_Lv1]\SSSA[Idle_01]\F[90]\SK[Happy|Charbel_N]\SA[Idle_01]\FF[30]\SSK[Happy|Miya_N]\SSA[Idle_01]\FFFF[70]\SSSSK[Normal|Aldora_N]\SSSSA[Idle_01]Eso es todo por ahora. Id a descansar. Cualquier cosa importante puede esperar hasta mañana. \nGracias a todas.
Swipe one item from the enemy. \n(Each enemy can only be stolen from once.);Roba un objeto al enemigo. \n(Solo se puede robar a cada enemigo una vez).
Swipe one item from the enemy. \n(Each enemy can only be stolen from once);Roba un objeto al enemigo. \n(Solo se puede robar a cada enemigo una vez)
Hills is a gentle and timid young woman who endures whatever life throws her way. \nShe doesn't think she's very noticeable, though men seem to disagree.;Hills es una joven dulce y tímida que soporta cualquier cosa que le depare la vida. \nNo se considera alguien que llame mucho la atención, pero los hombres no opinan lo mismo.
\C[16]~Hills~　（Part 1）\C[0]\n\nHills grew up in an orphanage and never knew her birth parents. \nAfter leaving the orphanage, she drifted from city to city, \nuntil a woman named Miya took her in. \n\nShe now lives in a hideout under a bridge \nnear the noble district with Miya and several other companions.\n\nSince she's not good at fighting, she usually survives on odd jobs,\npickpocketing, and small-time theft. Life in the hideout is far from luxurious,\nbut the trust between friends gives Hills a sense of belonging.\n\nEven if she has no idea what the future holds, \nshe firmly believes that as long as she and her companions work together, \nthere is no hardship they can't overcome.;\C[16]~Hills~ (Parte 1)\C[0]\n\nHills se crio en un orfanato y nunca conoció a sus padres biológicos. \nTras salir del orfanato, vagó de ciudad en ciudad \nhasta que una mujer llamada Miya la acogió. \n\nAhora vive en un escondite bajo un puente \ncerca del distrito noble con Miya y otras compañeras.\n\nComo no es buena peleando, suele sobrevivir haciendo trabajos esporádicos,\nrobando carteras y con pequeños hurtos. La vida en el escondite no es ningún lujo,\npero la confianza entre amigas le da un sentido de pertenencia.\n\nAunque no sabe qué le deparará el futuro, \ncree firmemente que mientras ella y sus compañeras trabajen juntas, \nno habrá dificultad que no puedan superar.
\C[27]~Aldora~　（Part 1）\C[0]\n\nRelationship: Like family \n\nHills' close friend, who's a little older than Hills. \nAldora is a quick and agile woman, \nthough boyish and impulsive by nature. \n\nShe often acts way off-script during their plans,\nwhich gives Miya quite a headache. \n\nShe is fiercely loyal and protective of her companions \nand always steps up in times of crisis.\nAldora's lively personality is one of the group's greatest joys.;\C[27]~Aldora~ (Parte 1)\C[0]\n\nRelación: Como de la familia \n\nAmiga íntima de Hills, un poco mayor que ella. \nAldora es una mujer rápida y ágil, \naunque de naturaleza algo poco femenina e impulsiva. \n\nA menudo se sale del guion durante los planes,\nlo que le da bastantes dolores de cabeza a Miya. \n\nEs ferozmente leal y protectora con sus compañeras \ny siempre da la cara en momentos de crisis.\nEl carácter alegre de Aldora es una de las mayores alegrías del grupo.
\C[23]~Miya~　（Part 1）\C[0]\n\nRelationship: Like family \n\nAs the leader of Hills' crew, Miya gives off a calm and composed demeanor. \nHer plans for Hills and the others are always extremely well thought out and rational.\n\nDespite seeming cold on the surface, \nevery action she takes is for the sake of the group. \nShe always weighs the pros and cons before making any decision.;\C[23]~Miya~ (Parte 1)\C[0]\n\nRelación: Como de la familia \n\nComo líder de la banda de Hills, Miya tiene una actitud tranquila y sosegada. \nSus planes para Hills y las demás siempre están muy bien pensados y son racionales.\n\nA pesar de parecer fría por fuera, \ncada acción que realiza es por el bien del grupo. \nSiempre sopesa los pros y los contras antes de tomar cualquier decisión.
\C[20]~Charbel~　（Part 1）\C[0]\n\nRelationship: Like family \n\nA gentle, ladylike companion of Hills, \nCharbel handles all the household chores in and around the hideout. \nShe is a skilled cook and homemaker, \nand earned Hills' trust after earnestly teaching her how to cook.\n\nAs a young woman, she was kicked out of her home \nbecause of an unplanned pregnancy. \nIn this moment of despair, she met Miya, \nwho helped her safely give birth to her daughter, Kiki. \n\nFrom that moment on, Charbel and Kiki followed Miya, \nand have known her longer than anyone.;\C[20]~Charbel~ (Parte 1)\C[0]\n\nRelación: Como de la familia \n\nUna amable y refinada compañera de Hills, \nCharbel se ocupa de todas las tareas domésticas en el escondite y sus alrededores. \nEs una cocinera y ama de casa experta, \ny se ganó la confianza de Hills tras enseñarle a cocinar con dedicación.\n\nCuando era joven, fue expulsada de su casa \ndebido a un embarazo no deseado. \nEn ese momento de desesperación conoció a Miya, \nquien la ayudó a dar a luz de forma segura a su hija, Kiki. \n\nDesde ese momento, Charbel y Kiki siguieron a Miya, \ny la conocen desde hace más tiempo que nadie.
Sticky Fingers;Robar
Swipe one item from the enemy. \n(Each enemy can only be stolen from once.);Roba un objeto del enemigo. \n(Solo puedes robar a un enemigo una vez).
You can view character introductions here.;Aquí puede ver la introducción de los personajes.
Hills is a gentle and timid young woman who endures whatever life throws her way. \nShe doesn't think she's very noticeable, though men seem to disagree.;Hills es una joven tímida que soporta todo lo que la vida le depara.\nNo cree llamar mucho la atención, pero los hombres opinan lo contrario.
A collar stained with grime. This clearly isn't meant for a pet... (Sell-only item);Un collar manchado de suciedad. Esto claramente no es para un perro... (Objeto de venta únicamente)
Micoco records a noteworthy item from the shop. \n(Ordinary Clue 4);Micoco registra un objeto de la tienda de interés.\n(Pista ordinaria 4)
Micoco records a noteworthy item from the shop. \n(Ordinary Clue 6);Micoco registra un objeto de la tienda de interés.\n(Pista ordinaria 6)
Note: Certain items do not carry over. \nIf you do not want to create a save file for New Game+, \nselect Cancel to return to the main menu.;Nota: Algunos objetos no se llevan de un juego a otro.\nSi no quiere crear un archivo de guardado para Nueva partida+,\nseleccione Cancelar para volver al menú principal.
\C[23]~Miya~　（Part 3）\C[0]\n\nRelationship: Like family \n\nMiya's dream is to save up enough money \nso she can leave Gadola with her companions someday \nand make an honest living somewhere new. \n\nWayward has made Miya's body abnormally sensitive, \nso she must take medicine regularly to suppress her estrus. \nShe has practically lost all the combat ability she once had.;\C[23]~Miya~　（Parte 3）\C[0]\nRelación:\nComo familia El sueño de\nMiya\nes guardar lo suficiente de dinero para\npoder salir de Gadola algún día con sus compañeros y hacerse una\nvida honesta en algún lugar nuevo.\nEl desorden\nde Wayward ha hecho que el cuerpo de Miya sea abnormemente\nsensible, de modo que debe tomar medicinas de forma regular para suprimir su estrus.\nHa perdido prácticamente toda la capacidad de luchar que tenía.
\N<\C[5]Mansion Guard\C[0]>Did she? I've been out in the field lately, so I haven't been at the residence much.\nI'm sure I'd remember that chest...;\N<\C[5]Guardia de la mansión\C[0]>¿Lo ha hecho? He estado fuera del campo de trabajo últimamente, así que no he estado mucho en la residencia.\nSeguro que me acordaría de ese cofre...
Hills has joined the party!;¡Hills se han unido a la grupo!
\N<\C[5]Guild Staff\C[0]>\AA[N]\F[10]\SK[Sad|Hils_N|ForeArm_Lv1]\SA[Idle_01]Oh, um, Miss Hills? Can you wait a moment?;\N<\C[5]Recepcionista del gremio\C[0]>\AA[N]\F[10]\SK[Sad|Hils_N|ForeArm_Lv1]\SA[Idle_01]Oh, um, ¿Fallo Hills? ¿Puede esperar un momento?
\N<\C[5]Man\C[0]>\AA[N]\F[10]\SK[Serious|Hils_N|ForeArm_Lv1]\SA[Idle_01]Miss...I saw that. Come with me.;\N<\C[5]Hombre\C[0]>\AA[N]\F[10]\SK[Serious|Hils_N|ForeArm_Lv1]\SA[Idle_01]Fallo... lo vi. Venga conmigo.
Aldora reaches out and gives Hills' chest a thorough grope.;Aldora extiende la mano y le da un buen toquete al cofre de Hills.
\N<\C[27]Aldora\C[0]>Maybe they'll come because you're famous, but your big chest will draw theirattention before they've even set eyes on your food, haha!;\N<\C[27]Aldora\C[0]>Quizá vengan porque seas famoso, pero su gran cofre atraerá su atención antes de que hayan visto su comida, ¡jeje!
\N<\C[27]Aldora\C[0]>Hahaha, sorry. I was just thinking, your chest wasn't that big when we first met.\nWhat in the world did you eat to develop like this?;\N<\C[27]Aldora\C[0]>Je, je, lo siento. Estaba pensando, tu cofre no era tan grande cuando nos conocimos.\n¿Qué demonios has comido para desarrollarte así?
Micoco has joined the party!;¡Micoco se ha unido a la grupo!
Reda has joined the party!;¡Reda se ha unido a la grupo!
After sending a party to retrieve the bodies of the two adventurers and negotiating\nwith the guards, the guild sealed all entrances to the mine.;Después de enviar una grupo para recuperar los cuerpos de los dos aventureros y negociar\ncon los guardias, la cofradía selló todas las entradas de la mina.
\N<\C[27]Aldora\C[0]>Don't hold back! Show me what you've got! Oh, but no \C[4]items\C[0] allowed!;\N<\C[27]Aldora\C[0]>¡No dejes de mostrar lo que sabes! ¡Oh, pero no se permiten objetos \C[4]!\C[0]
\N<\C[16]Hills\C[0]>\F[10]\SK[Stunned|Hils_M|ForeArm_Lv1]\SA[Idle_01]Boss, um, isn't this outfit a little...revealing? Especially around the chest...;\N<\C[16]Hills\C[0]>\F[10]\SK[Stunned|Hils_M|ForeArm_Lv1]\SA[Idle_01]Jefe, ¿no es un poco... revelador este traje? Especialmente en el cofre...
\N<\C[5]Man\C[0]>Hey, miss! Wake up!;\N<\C[5]Hombre\C[0]>¡Ey, fallo! ¡Despierta!
\N<\C[5]Man\C[0]>Hey, miss! Wake up!;\N<\C[5]Hombre\C[0]>¡Ey, fallo! ¡Despierta!
\N<\C[5]Green-Haired Man\C[0]>\AA[N]\F[10]\SK[Displease|Hils_N|ForeArm_Lv1]\SA[Idle_01]Well then, miss, until next time. \!Don't forget, if you see that thief, report her\nto the guards!;\N<\C[5]Hombre de pelo verde\C[0]>\AA[N]\F[10]\SK[Displease|Hils_N|ForeArm_Lv1]\SA[Idle_01]¡Entonces, fallo, hasta la próxima vez! \!No olvide, si ve a ese ladrón, informe de él\na los guardias!
\N<\C[16]Hills\C[0]>\F[10]\SK[Think|Hils_N|ForeArm_Lv2]\SA[Idle_01](Aside from items, looks like there are some ingredients I can trade for too.);\N<\C[16]Hills\C[0]>\F[10]\SK[Think|Hils_N|ForeArm_Lv2]\SA[Idle_01](Además de los objetos, parece que hay algunas ingredientes de las que puedo comerciar también.)
\N<\C[5]Dock Worker\C[0]>\AA[N]\F[10]\SK[Normal|Hils_N|ForeArm_Lv1]\SA[Idle_01]Sorry, miss, I'm a bit tied up. \!If you need help, talk to the foreman.;\N<\C[5]Estibador\C[0]>\AA[N]\F[10]\SK[Normal|Hils_N|ForeArm_Lv1]\SA[Idle_01]Lo siento, fallo, estoy ocupado. \!Si necesita ayuda, hable con el jefe.
\N<\C[5]Fruit Vendor\C[0]>\AA[N]\F[10]\SK[Normal|Hils_N|ForeArm_Lv1]\SA[Idle_01]Ahh, what a headache... \!Hey miss, are you looking to make a bit of extra cash?;\N<\C[5]Frutero\C[0]>\AA[N]\F[10]\SK[Normal|Hils_N|ForeArm_Lv1]\SA[Idle_01]¡Ahh, qué dolor de cabeza...! ¡Fallo, está buscando ganarse un poco de dinero extra?
\N<\C[5]Fruit Vendor\C[0]>\AA[N]\F[10]\SK[Displease|Hils_N|ForeArm_Lv1]\SA[Idle_01]Really sorry about last time, miss. I got carried away.;\N<\C[5]Frutero\C[0]>\AA[N]\F[10]\SK[Displease|Hils_N|ForeArm_Lv1]\SA[Idle_01]Lo siento mucho de la última vez, fallo. Me dejé llevar.
Reda has left the party!;¡Reda ha dejado la grupo!
\N<\C[5]Menacing Man\C[0]>\AA[N]\F[10]\SK[Displease|Hils_N|ForeArm_Lv1]\SA[Idle_01]Heeey~ We're just heading out to a party. \!And we're short a lady. Whaddya say?;\N<\C[5]Hombre amenazante\C[0]>\AA[N]\F[10]\SK[Displease|Hils_N|ForeArm_Lv1]\SA[Idle_01]¡Ey! ¡Vamos a ir a una grupo! ¡Y nos faltan mujeres! ¿Qué dices?
\N<\C[5]Shady Man\C[0]>\AA[N]\F[10]\SK[Displease|Hils_N|ForeArm_Lv1]\SA[Idle_01]This party's got some real wild stuff. I promise you'll have the time of your life.\n\!C'mon, come on~;\N<\C[5]Hombre turbio\C[0]>\AA[N]\F[10]\SK[Displease|Hils_N|ForeArm_Lv1]\SA[Idle_01]Esta grupo tiene cosas realmente salvajes. Te prometo que pasarás un buen rato.\n\!Vamos, vamos~
\N<\C[5]Menacing Man\C[0]>\AA[N]\F[10]\SK[Sad|Hils_N|ForeArm_Lv1]\SA[Idle_01]Relax, relax. It's just a party to meet new people, that's all. \!Oh, hey, what's\nyour name anyway?;\N<\C[5]Hombre amenazante\C[0]>\AA[N]\F[10]\SK[Sad|Hils_N|ForeArm_Lv1]\SA[Idle_01]Relájate, relájate. Es sólo una grupo para conocer gente nueva, eso es todo. \!Oh, hola, ¿cómo se\nllama de todos modos?
\N<\C[5]？？？\C[0]>\AA[N]\F[95]\SK[Surprise]\SA[Idle_01]They're telling the truth, miss. Calm down.;\N<\C[5]？？？\C[0]>\AA[N]\F[95]\SK[Surprise]\SA[Idle_01]Están diciendo la verdad, fallo. Calmése.
\M[jump]\AA[N]\F[10]\SK[Shy|Hils_M|ForeArm_Lv1]\SA[Idle_01]One of the men slips his hand inside Hills' clothes, groping her chest.;\M[jump]\AA[N]\F[10]\SK[Shy|Hils_M|ForeArm_Lv1]\SA[Idle_01]Uno de los hombres introduce la mano dentro de la ropa de Hills, tocándole el cofre.
\M[jump]\AA[N]\F[10]\SK[Shy|Hils_N|ForeArm_Lv1]\SA[Idle_01]One of the men slips his hand inside Hills' clothes, groping her chest.;\M[jump]\AA[N]\F[10]\SK[Shy|Hils_N|ForeArm_Lv1]\SA[Idle_01]Uno de los hombres introduce la mano dentro de la ropa de Hills, tocándole el cofre.
Cove has joined the party!;¡Cove se ha unido a la grupo!
\N<\C[5]Bar Manager\C[0]>Miss, are you interested in a part-time job here?;\N<\C[5]Encargado del bar\C[0]>Fallo, ¿está interesada en un trabajo a tiempo parcial aquí?
\N<\C[5]Bunny Girl\C[0]>\AA[N]\F[10]\SK[Normal|Hils_N|ForeArm_Lv1]\SA[Idle_01]Though...with your chest, it might feel a little tight. Bear with it, okay?;\N<\C[5]Conejita\C[0]>\AA[N]\F[10]\SK[Normal|Hils_N|ForeArm_Lv1]\SA[Idle_01]Aunque... con tu cofre, puede sentirse un poco apretado. Sufre con ello, ¿de acuerdo?
The guest buries his face in Julie's chest.;El invitado se entierra la cara en el cofre de Julie.
\N<\C[5]Julie\C[0]>\FH[OFF]\AA[N]\F[10]\SK[Panic|Hils_R|ForeArm_Lv1]\SA[Idle_01]That's right. Don't hold anything back. Give us slutty little bunnies every drop of\nthe milk you've been saving up all evening!;\N<\C[5]Julie\C[0]>\FH[OFF]\AA[N]\F[10]\SK[Panic|Hils_R|ForeArm_Lv1]\SA[Idle_01]¡Eso es! No te lo retengas. ¡Dinos los pequeños conejos sucios de cada soltar de leche\nque has estado ahorrando toda la noche!
\N<\C[5]Bartender\C[0]>Here you go, miss! Specially mixed for you, a fruit iced tea. Enjoy!;\N<\C[5]Barman\C[0]>¡Aquí tiene, fallo! Especialmente preparado para usted, un té de fruta helado. ¡Disfrute!
\N<\C[5]Shopkeeper\C[0]>\AA[N]\F[10]\SK[Stunned|Hils_N|ForeArm_Lv1]\SA[Idle_01]Yes? Are you interested in the potions behind me, miss?;\N<\C[5]Tendero\C[0]>\AA[N]\F[10]\SK[Stunned|Hils_N|ForeArm_Lv1]\SA[Idle_01]¿Sí? ¿Está interesada en las pociones que hay detrás de usted, fallo?
\N<\C[5]Shopkeeper\C[0]>\AA[N]\F[10]\SK[Normal|Hils_N|ForeArm_Lv1]\SA[Idle_01]Apologies, miss. Our supply chains are...complicated, and we don't ask our clients\ntoo many questions.;\N<\C[5]Tendero\C[0]>\AA[N]\F[10]\SK[Normal|Hils_N|ForeArm_Lv1]\SA[Idle_01]Lo siento, fallo. Nuestros suministros son... complicados, y no hacemos muchas preguntas\na nuestros clientes.
"\N<\C[5]Shopkeeper\C[0]>\AA[N]\F[10]\SK[Sad|Hils_N|ForeArm_Lv1]\SA[Idle_01]*A-hem*... Tell me, miss, are you an adventurer yourself? I don't recall ""interfering\nwith honest merchants"" being part of your duties.";<\C[5]Shopkeeper\C[0]> \N<\C[5]Mercader\C[0]>\AA[N]\F[10]\SK[Sad|Hils_N|ForeArm_Lv1]\SA[Idle_01]*A-hem*... Dígame, fallo, ¿es usted una aventurera? No recuerdo que ''interrumpir a los\ncomerciantes honestos'' sea parte de sus deberes.
\N<\C[5]Shopkeeper\C[0]>\AA[N]\F[10]\SK[Normal|Hils_N|ForeArm_Lv1]\SA[Idle_01]Miss, please wait a moment.;\N<\C[5]Tendero\C[0]>\AA[N]\F[10]\SK[Normal|Hils_N|ForeArm_Lv1]\SA[Idle_01]Fallo, espere un momento.
\N<\C[5]Savannah\C[0]>Lean forward slightly... Now press your hands against the sides of your chest. Yes,\njust like that!;\N<\C[5]Savannah\C[0]>Inclínate ligeramente... Ahora presiona tus manos contra los lados de tu cofre. ¡Sí,\nasí de fácil!
\N<\C[5]Head Maid\C[0]>\AA[N]\F[10]\SK[Normal|Hils_M|ForeArm_Lv1]\SA[Idle_01]At least, that's how it should've been. But unfortunately, last night, the mayor's\nguards gathered upstairs for a drinking party.;\N<\C[5]Jefa de criadas\C[0]>\AA[N]\F[10]\SK[Normal|Hils_M|ForeArm_Lv1]\SA[Idle_01]Al menos, así debería haber sido. Pero desgraciadamente, anoche, los guardias del alcalde\nse reunieron arriba para una grupo de beber.
\N<\C[12]Dune\C[0]>\AA[FF]\F[10]\SK[Sad|Hils_M|ForeArm_Lv1]\SA[Idle_01]\FF[80]\SSK[Happy]\SSA[Idle_01]I'll go retrieve my sword, then report back to the mayor. \!Ma'am, Miss Hills, I'll\ntake my leave.;\N<\C[12]Duna\C[0]>\AA[FF]\F[10]\SK[Sad|Hills_M|ForeArm_Lv1]\SA[Idle_01]\FF[80]\SSK[Happy]\SSA[Idle_01]Voy a ir a buscar mi espada, luego informaré al alcalde. ¡Señora, fallo Hills, me\ntomaré la licencia.
\N<\C[5]Shopkeeper\C[0]>\AA[N]\F[10]\SK[Stunned|Hils_N|ForeArm_Lv1]\SA[Idle_01]Hm? What is it, miss?;\N<\C[5]Tendero\C[0]>\AA[N]\F[10]\SK[Stunned|Hils_N|ForeArm_Lv1]\SA[Idle_01]¿Qué es, fallo?
\N<\C[12]Dune\C[0]>\AA[FF]\F[10]\SK[Sad|Hils_N|ForeArm_Lv1]\FF[80]\SSK[Displease]\SSA[Idle_01]Miss Hills, come here a moment.;\N<\C[12]Dune\C[0]>\AA[FF]\F[10]\SK[Sad|Hils_N|ForeArm_Lv1]\FF[80]\SSK[Displease]\SSA[Idle_01]¡Fallo Hills, venga un momento!
\N<\C[12]Dune\C[0]>\AA[FF]\F[10]\SK[Normal|Hils_N|ForeArm_Lv1]\SA[Idle_01]\FF[80]\SSK[Think]\SSA[Idle_01]By the way, Miss Hills, it's best if you don't come back here.;\N<\C[12]Dune\C[0]>\AA[FF]\F[10]\SK[Normal|Hils_N|ForeArm_Lv1]\SA[Idle_01]\FF[80]\SSK[Think]\SSA[Idle_01]Por cierto, fallo Hills, es mejor que no vuelva aquí.
\N<\C[16]Hills\C[0]>(Whew... My heart's about to jump out of my chest! It's lucky that I got out safe in the end...);\N<\C[16]Hills\C[0]>(Suspiro... ¡Mi corazón está a punto de saltar de mi cofre! ¡Es afortunado que salí vivo al final...)
\N<\C[5]Tavern Owner\C[0]>\AA[N]\F[10]\SK[Unwilling|Hils_R|ForeArm_Lv1]\SA[Idle_01]This is our shop's uniform. Hehehe... You look great in it, Miss.;\N<\C[5]Tabernero\C[0]>\AA[N]\F[10]\SK[Unwilling|Hils_R|ForeArm_Lv1]\SA[Idle_01]¡Es nuestro uniforme de la tienda! ¡Jejeje...! ¡Usted se ve muy bien con él, fallo!
\N<\C[5]Man\C[0]>I only sell drinks. If you want other items, go outside or look for the guy on the third level.;\N<\C[5]Hombre\C[0]>Sólo vendo bebidas. Si quieres otros objetos, sal fuera o busca al tipo del tercer nivel.
Richard has joined the party!;¡Richard se ha unido a la grupo!
\N<\C[5]Richard\C[0]>The process destroys the accessory... And not all items can even be transformed. \!But using these one-time sigils can really extend the life of an accessory's effects.;\N<\C[5]Richard\C[0]>El proceso destruye el accesorio... Y no todos los objetos pueden ser transformados. \!Pero usando estos semejantes de una sola vez puede realmente extender la vida de los efectos de un accesorio.
\N<\C[16]Hills\C[0]>(1,000 G...!? So expensive... I still need to save for Savannah...);\N<\C[16]Hills\C[0]>(1.000 G... ¡Tan caro... todavía necesito guardar para Savannah...)
\N<\C[16]Hills\C[0]>\F[10]\SK[Doubt|Hils_N|ForeArm_Lv2]\SA[Idle_01]But Miss Reda and Miss Micoco already agreed to help. \n\!Knowing how Reda can be, they might clash...;\N<\C[16]Hills\C[0]>\F[10]\SK[Doubt|Hils_N|ForeArm_Lv2]\SA[Idle_01]Pero la fallo Reda y la fallo Micoco ya habían acordado ayudar.\n\!Sabiendo cómo puede ser Reda, pueden entrar en conflicto...
Justin has joined the party!;¡Justin se ha unido a la grupo!
\N<\C[16]Hills\C[0]>\AA[FF]\FF[10]\SSK[Shy|Hils_Nude|ForeArm_Lv1]\SSA[Idle_01]\F[20]\SK[Normal|Micoco_N]\SA[Idle_01]\FFF[95]\SSSK[Surprise]\SSSA[Idle_01]Miss Reda! Miss Micoco! Y-you came to save me!!!;\N<\C[16]Hills\C[0]>\AA[FF]\FF[10]\SSK[Shy|Hils_Nude|ForeArm_Lv1]\SSA[Idle_01]\F[20]\SK[Normal|Micoco_N]\SA[Idle_01]\FFF[95]\SSSK[Surprise]\SSSA[Idle_01]¡Fallo Reda! ¡Fallo Micoco! ¡Usted vino a salvarme!
\N<\C[16]Hills\C[0]>\AA[FF]\FF[10]\SSK[Serious|Hils_Nude|ForeArm_Lv1]\SSA[Idle_01]\F[20]\SK[Normal|Micoco_N]\SA[Idle_01]\FFF[95]\SSSK[Serious]\SSSA[Idle_01]Okay! I'll stick close to you, Miss Reda!;\N<\C[16]Hills\C[0]>\AA[FF]\FF[10]\SSK[Serious|Hils_Nude|ForeArm_Lv1]\SSA[Idle_01]\F[20]\SK[Normal|Micoco_N]\SA[Idle_01]\FFF[95]\SSSK[Serious]\SSSA[Idle_01]¡Estoy a su lado, fallo Reda!
\N<\C[16]Hills\C[0]>\F[10]\SK[Happy|Hils_N|ForeArm_Lv1]\SA[Idle_01]Miss Reda, I'm dressed! Let's go!;\N<\C[16]Hills\C[0]>\F[10]\SK[Happy|Hils_N|ForeArm_Lv1]\SA[Idle_01]¡Fallo Roja, me he puesto! ¡Vamos!
\N<\C[16]Hills\C[0]>\AA[F]\F[10]\SK[Surprise|Hils_N|ForeArm_Lv1]\SA[Idle_01]\FF[95]\SSK[Normal]\SSA[Idle_01]Miss Reda, is something wrong?;\N<\C[16]Hills\C[0]>\AA[F]\F[10]\SK[Surprise|Hils_N|ForeArm_Lv1]\SA[Idle_01]\FF[95]\SSK[Normal]\SSA[Idle_01]La fallo Roja, ¿hay algo de malo?
\N<\C[16]Hills\C[0]>\AA[F]\F[10]\SK[Stunned|Hils_N|ForeArm_Lv1]\SA[Idle_01]\FF[95]\SSK[Doubt]\SSA[Idle_01]Miss Reda, look... Isn't someone hiding in that crack in the rock wall?;\N<\C[16]Hills\C[0]>\AA[F]\F[10]\SK[Stunned|Hils_N|ForeArm_Lv1]\SA[Idle_01]\FF[95]\SSK[Doubt]\SSA[Idle_01]Fallo Roja, mira... ¿No hay alguien escondido en la grieta de la pared de roca?
\N<\C[16]Hills\C[0]>\AA[F]\F[10]\SK[Stunned|Hils_Nude|ForeArm_Lv1]\SA[Idle_01]\FF[95]\SSK[Doubt]\SSA[Idle_01]Miss Reda, look.. Isn't someone hiding in that crack in the rock wall...?;\N<\C[16]Hills\C[0]>\AA[F]\F[10]\SK[Stunned|Hils_Nude|ForeArm_Lv1]\SA[Idle_01]\FF[95]\SSK[Doubt]\SSA[Idle_01]Fallo Roja, mira... ¿No hay alguien escondido en ese agujero de la pared de roca...?
\N<\C[16]Hills\C[0]>\AA[F]\F[10]\SK[Happy|Hils_N|ForeArm_Lv1]\SA[Idle_01]\FF[95]\SSK[Normal]\SSA[Idle_01]Y-you're right. As expected of you, Miss Reda. For scum like this, swift justice is\nbest!;\N<\C[16]Hills\C[0]>\AA[F]\F[10]\SK[Happy|Hils_N|ForeArm_Lv1]\SA[Idle_01]\FF[95]\SSK[Normal]\SSA[Idle_01]Y-tienes razón. ¡Es lo que esperaba de usted, fallo Reda! ¡Para gente así, la justicia rápida es lo\nmejor!
\N<\C[16]Hills\C[0]>\AA[F]\F[10]\SK[Shy|Hils_N|ForeArm_Lv1]\SA[Idle_01]\FF[95]\SSK[Pain2]\SSA[Idle_01]Miss Reda! N-no! If you do that, we'll both—;\N<\C[16]Hills\C[0]>\AA[F]\F[10]\SK[Shy|Hils_N|ForeArm_Lv1]\SA[Idle_01]\FF[95]\SSK[Pain2]\SSA[Idle_01]¡Fallo Reda! ¡N-no! Si lo haces, ambos...
\N<\C[16]Hills\C[0]>\FH[ON]\AA[F]\F[10]\SK[Shy|Hils_N|ForeArm_Lv1]\SA[Idle_01]\FF[50]\SSK[Normal|Albert_N]\SSA[Idle_01]B-but if I do that, Miss Reda, you'll—;\N<\C[16]Hills\C[0]>\FH[ON]\AA[F]\F[10]\SK[Shy|Hils_N|ForeArm_Lv1]\SA[Idle_01]\FF[50]\SSK[Normal|Albert_N]\SSA[Idle_01]Pero si lo hago, fallo Rojo, usted...
\N<\C[5]Female Adventurer A\C[0]>\AA[N]\F[95]\SK[Sad]\SA[Idle_01]Miss Reda, I heard you wiped out the slavers' base yesterday. Is that true?;\N<\C[5]Aventurera A\C[0]>\AA[N]\F[95]\SK[Sad]\SA[Idle_01]Fallo Roja, oí que destruyó la base de los esclavistas ayer. ¿Es cierto?
\N<\C[16]Hills\C[0]>\AA[F]\F[10]\SK[Happy|Hils_N|ForeArm_Lv1]\SA[Idle_01]\FF[95]\SSK[Sad]\SSA[Idle_01]Haha! Miss Reda... You really are popular.;\N<\C[16]Hills\C[0]>\AA[F]\F[10]\SK[Happy|Hils_N|ForeArm_Lv1]\SA[Idle_01]\FF[95]\SSK[Sad]\SSA[Idle_01]¡Ja! ¡La fallo Reda... es usted muy popular!
\N<\C[16]Hills\C[0]>\AA[F]\F[10]\SK[Stunned|Hils_N|ForeArm_Lv1]\SA[Idle_01]\FF[95]\SSK[Smile]\SSA[Idle_01]Ah. Right... Speaking of that... \!There is something... Miss Reda, I wonder if...;\N<\C[16]Hills\C[0]>\AA[F]\F[10]\SK[Stunned|Hils_N|ForeArm_Lv1]\SA[Idle_01]\FF[95]\SSK[Smile]\SSA[Idle_01]Ah. Correcto... Hablando de eso... \!Hay algo... Fallo Reda, me pregunto si...
\N<\C[16]Hills\C[0]>\AA[FF]\FF[10]\SSK[Panic|Hils_N|ForeArm_Lv1]\SSA[Idle_01]\FFF[51]\SSSK[Serious|Albert_N]\SSSA[Idle_01]I remember now! Y-you're the thug we fought with Miss Reda!;\N<\C[16]Hills\C[0]>\AA[FF]\FF[10]\SSK[Panic|Hils_N|ForeArm_Lv1]\SSA[Idle_01]\FFF[51]\SSSK[Serious|Albert_N]\SSSA[Idle_01]¡Ahora me acuerdo! ¡Usted es el matón con el que luchamos contra la fallo Roja!
\N<\C[5]Suspicious Man\C[0]>What's your purpose for coming here, miss? Who sent you?;\N<\C[5]Hombre sospechoso\C[0]>¿Cuál es su propósito de venir aquí, fallo? ¿Quién le envía?
\N<\C[16]Hills\C[0]>\F[10]\SK[Sad|Hils_N|ForeArm_Lv1]\SA[Idle_01]If their party was wiped out in there, the result would be the same as now...;\N<\C[16]Hills\C[0]>\F[10]\SK[Sad|Hils_N|ForeArm_Lv1]\SA[Idle_01]Si su grupo fue destruida allí, el resultado sería el mismo que ahora...
\N<\C[16]Hills\C[0]>\F[10]\SK[Shy|Hils_N|ForeArm_Lv1]\SA[Idle_01]Waaaah! Miss Micoco, you hit me too hard!!!;\N<\C[16]Hills\C[0]>\F[10]\SK[Shy|Hils_N|ForeArm_Lv1]\SA[Idle_01]¡Ay, fallo Micoco, me golpeó demasiado fuerte!
\AA[N]\FFF[10]\SSSK[Serious|Hils_N|ForeArm_Lv1]\SSSA[Idle_01]\FF[21]\SSK[Normal|Micoco_N]\SSA[Idle_01]\F[95]\SK[Normal]\SA[Idle_01]Hills pulls out the video crystal from her chest.;\AA[N]\FFF[10]\SSSK[Serious|Hils_N|ForeArm_Lv1]\SSSA[Idle_01]\FF[21]\SSK[Normal|Micoco_N]\SSA[Idle_01]\F[95]\SK[Normal]\SA[Idle_01]Hills saca el cristal de vídeo de su cofre.
\N<\C[16]Hills\C[0]>\AA[FFF]\FFF[10]\SSSK[Shy|Hils_N|ForeArm_Lv1]\SSSA[Idle_01]\FF[20]\SSK[Normal|Micoco_N]\SSA[Idle_01]\F[95]\SK[Smile]\SA[Idle_01]Miss Micoco! Miss Reda! I can't thank you enough. Kiki wouldn't be safe without\nyou...;\N<\C[16]Hills\C[0]>\AA[FFF]\FFF[10]\SSSK[Shy|Hils_N|ForeArm_Lv1]\SSSA[Idle_01]\FF[20]\SSK[Normal|Micoco_N]\SSA[Idle_01]\F[95]\SK[Smile]\SA[Idle_01]¡Fallo Micoco! ¡Fallo Reda! ¡No puedo agradeceros lo suficiente! ¡Kiki no estaría a salvo sin\nti...
\N<\C[16]Hills\C[0]>\AA[F]\F[10]\SK[Shy|Hils_N|ForeArm_Lv1]\SA[Idle_01]\FF[20]\SSK[Serious|Micoco_N]\SSA[Idle_01]Eeeek! \|Miss Micoco, let's get out of here!;\N<\C[16]Hills\C[0]>\AA[F]\F[10]\SK[Shy|Hils_N|ForeArm_Lv1]\SA[Idle_01]\FF[20]\SSK[Serious|Micoco_N]\SSA[Idle_01]¡Eeeek! \|¡Fallo Micoco, salgamos de aquí!
\N<\C[16]Hills\C[0]>\AA[F]\F[10]\SK[Stunned|Hils_N|ForeArm_Lv1]\SA[Idle_01]\FF[20]\SSK[Serious|Micoco_S]\SSA[Idle_01]Miss Micoco, you really know a lot about these monsters. Did you study them?;\N<\C[16]Hills\C[0]>\AA[F]\F[10]\SK[Stunned|Hils_N|ForeArm_Lv1]\SA[Idle_01]\FF[20]\SSK[Serious|Micoco_S]\SSA[Idle_01]La fallo Micoco, sabe mucho de estos monstruos. ¿Estudió?
\N<\C[16]Hills\C[0]>\AA[F]\F[10]\SK[Panic|Hils_N|ForeArm_Lv1]\SA[Idle_01]\FF[20]\SSK[Pain|Micoco_S]\SSA[Idle_01]Miss Micoco!;\N<\C[16]Hills\C[0]>\AA[F]\F[10]\SK[Panic|Hils_N|ForeArm_Lv1]\SA[Idle_01]\FF[20]\SSK[Pain|Micoco_S]\SSA[Idle_01]¡La fallo Micoco!
\N<\C[16]Hills\C[0]>(Hehe... If Miss Micoco shares the money after selling it, we won't need to worry\nabout funds for a while.);\N<\C[16]Hills\C[0]>(Hehe... Si la fallo Micoco comparte el dinero después de venderlo, no tendremos que preocuparnos de\nlos fondos durante un tiempo.)
\N<\C[16]Hills\C[0]>\AA[F]\F[10]\SK[Shy|Hils_N|ForeArm_Lv1]\SA[Idle_01]\FF[20]\SSK[Normal|Micoco_S]\SSA[Idle_01]Wait, Miss Micoco! Th-the ore! It's still back there!;\N<\C[16]Hills\C[0]>\AA[F]\F[10]\SK[Shy|Hils_N|ForeArm_Lv1]\SA[Idle_01]\FF[20]\SSK[Normal|Micoco_S]\SSA[Idle_01]¡Espera, fallo Micoco! ¡El mineral está ahí atrás!
The chaotic night is far from over. \!Until the men have drained their balls of every last drop, all Hills will see is cock...;La noche caótica no está terminada. \!Hasta que los hombres vacíen sus bolas de cada soltar de semen, todas Hills verán...
Hills climbs down from the sofa, kneels obediently, and uses her tongue to take every remaining drop of cum into her mouth. She leads the king to the fountain in the corner of the room to wash up.;Hills baja de la sofá, se arrodilla obediente y usa su lengua para tomar cada soltar de semen que queda en su boca. Lleva al rey a la fuente de la esquina de la habitación para lavarse.
Hills subtly changes her pose, bringing her right hand toward her chest and squeezing her boobs, making her ample bust stand out even more.;Hills cambia su postura de forma sutil, trayendo su mano derecha hacia su cofre y apretando sus pechos, haciendo que sus abundantes senos se muestren aún más.
In no time, the syringe is drained of every last drop.;En un instante, la jeringa se vacía de cada soltar.
\N<\C[27]Aldora\C[0]>Go ask your mom, you piece of shit! My crew is throwing a party at your place right now!;\N<\C[27]Aldora\C[0]>¡Vaya a preguntarle a su madre, mierda! ¡Mi banda está celebrando una grupo en su casa ahora mismo!
The man tightens his grip around Aldora's throat, and shoots every last drop of thick, salty cum deep into her body.;El hombre aprieta su agarre al cuello de Aldora, y le inyecta cada soltar de semen espeso y salado profundo dentro de su cuerpo.
Lily's movements are hesitant, but Mai gently caresses the man's chest with one hand while deliberately pressing her massive breasts against his body.;Los movimientos de Lirio son vacilantes, pero Mai acaricia suavemente el cofre del hombre con una mano mientras aprieta deliberadamente sus enormes pechos contra su cuerpo.
Mai grips the man's cock and strokes it tenderly. \!The fingers of her other hand glide lightly across his chest.;Mai agarra el pene del hombre y lo acaricia suavemente. \!Los dedos de su otra mano deslizan suavemente sobre su cofre.
Right after Mai speaks, she leans in and kisses the client. Her huge breasts press against his chest. \!Their tongues immediately entwine.;Inmediatamente después de que Mai hable, se inclina y besa al cliente. Sus enormes pechos presionan su cofre. \!Sus lenguas se entrelazan inmediatamente.
The man must have been fully milked of every last drop of desire. Not only are there puddles of cum splashed across the bedsheets, but some has even shot out onto the floor beyond the bed.;El hombre debía de haber sido completamente exprimido de cada soltar de deseo. No sólo hay charcos de semen esparcidos por las sábanas, sino que también ha salido fuera de la cama.
Hills finally understands why people stare straight at her chest the first time they meet.;Hills finalmente entiende por qué la gente la mira directamente en el cofre la primera vez que se encuentran.
\N<\C[24]Cove\C[0]>I can even make it bigger. \|So, Miss Micoco, how's this size? Satisfied?;\N<\C[24]Cove\C[0]>¡Puedo hacerlo más grande! ¡Entonces, fallo Micoco, ¿qué tal este tamaño?
\N<\C[5]Emily\C[0]>\AA[N]\F[10]\SK[Surprise|Hils_N|ForeArm_Lv1]\SA[Idle_01]What!? What kind of weapon...? \!Miss Dochi, Hills is just a regular civilian.;\N<\C[5]Emily\C[0]>\AA[N]\F[10]\SK[Surprise|Hils_N|ForeArm_Lv1]\SA[Idle_01]¡¿Qué tipo de arma...? \!La fallo Dochi, Hills es sólo un civil normal.
\N<\C[21]Misty\C[0]>\AA[FFFF]\FFFF[62]\SSSSK[Happy]\SSSSA[Idle_01]Thank you all for coming to this little party! You've all been working hard, and there's still plenty of food, so please help yourselves.;\N<\C[21]Misty\C[0]>\AA[FFFF]\FFFF[62]\SSSSK[Happy]\SSSSA[Idle_01]¡Gracias a todos por venir a esta pequeña grupo! ¡Han estado trabajando duro, y todavía hay mucho de comida, así que sírvanse!
\N<\C[5]Mansion Guard\C[0]>\AA[N]\FFFF[62]\SSSSK[Normal]\SSSSA[Idle_01]So, we're just gonna kick back and relax. Speaking of which...why isn't there any booze here? Can't have a party without a few drinks, am I right?;\N<\C[5]Guardia de la mansión\C[0]>\AA[N]\FFFF[62]\SSSSK[Normal]\SSSSA[Idle_01]Así que vamos a relajarnos. Hablando de eso... ¿Por qué no hay alcohol aquí? No se puede tener una grupo sin un par de tragos, ¿verdad?
\N<\C[5]Maid\C[0]>\AA[N]\FFFF[62]\SSSSK[Normal]\SSSSA[Idle_01]What is this, a matchmaking party, Misty? And don't you think you're having a little too much fun?;\N<\C[5]Criada\C[0]>\AA[N]\FFFF[62]\SSSSK[Normal]\SSSSA[Idle_01]¿Qué es esto, una grupo de citas, Misty? ¿Y no crees que estás divirtiéndote un poco demasiado?
\N<\C[5]Maid\C[0]>\AA[N]\FFFF[62]\SSSSK[Normal]\SSSSA[Idle_01]I'm not against having a party every now and then, but you could at least be more selective about who you invite. Aren't all these people usually part of Spike's crew? \!I guess it's fine as long as Dune is here...;\N<\C[5]Criada\C[0]>\AA[N]\FFFF[62]\SSSSK[Normal]\SSSSA[Idle_01]No me opongo a tener una grupo de vez en cuando, pero al menos podrías ser más selectivo al invitar a la gente. ¿No son todos estos tipos de la pandilla de Spike? \!Supongo que está bien siempre que Dune esté aquí...
\N<\C[5]Mansion Guard\C[0]>\AA[N]\FFFF[62]\SSSSK[Surprise]\SSSSA[Idle_01]Hm? He left a while ago. Maybe he went to take a shit or something. \!Forget that phony prick. It's time to party!;\N<\C[5]Guardia de la mansión\C[0]>\AA[N]\FFFF[62]\SSSSK[Surprise]\SSSSA[Idle_01]¡Hm! Se fue hace un rato. ¡Quizá se fue a cagar o algo así! \!Olvida a ese farsante. ¡Es hora de grupo!
\N<\C[21]Misty\C[0]>\AA[FFFF]\FF[80]\SSK[Surprise]\SSA[Idle_01]\FFFF[62]\SSSSK[Happy]\SSSSA[Idle_01]You've been gone so long that I thought you got bored and left. Let's head back. The party's really pumping!;\N<\C[21]Misty\C[0]>\AA[FFFF]\FF[80]\SSK[Surprise]\SSA[Idle_01]\FFFF[62]\SSSSK[Happy]\SSSSA[Idle_01]¡Hace tanto tiempo que te has ido que pensé que te aburrías y te fuiste! ¡Vamos de vuelta! ¡La grupo está de lo más animada!
\N<\C[12]Dune\C[0]>\AA[FF]\FF[80]\SSK[Displease]\SSA[Idle_01]\FFFF[62]\SSSSK[Happy]\SSSSA[Idle_01]Listen to me, Misty. This is no time for a party. Intruders have entered the mansion.;\N<\C[12]Dune\C[0]>\AA[FF]\FF[80]\SSK[Displease]\SSA[Idle_01]\FFFF[62]\SSSSK[Happy]\SSSSA[Idle_01]Escúchame, Misty. No es momento de grupo. Intrusos han entrado en la mansión.
